participant_id,best_nll,best_initial_guess,best_parameters,total_nll,AIC,BIC,Condition
1,106.01507941586875,"[4.69371867333034, 0.03871260197942813]",[0.54336945 0.09877493],106.01507941586875,216.03015883173757,223.073080667462,LV
2,126.72637404095006,"[0.26333004400014315, 0.5354929237820645]",[3.03437912 0.86878943],126.72637404095006,257.4527480819001,264.49566991762464,LV
3,117.70092266635152,"[1.7032539020388668, 0.6486802843072169]",[0.14100919 0.02313627],117.70092266635152,239.40184533270303,246.44476716842752,LV
4,129.38941245331787,"[0.9021495051163244, 0.013150633924116424]",[0.6214606  0.15963986],129.38941245331787,262.77882490663575,269.82174674236023,LV
5,84.49805668956273,"[0.5624697973860505, 0.8408484717172845]",[1.14961316 0.20546474],84.49805668956273,172.99611337912546,180.03903521484995,LV
6,88.85556948990688,"[1.1870458460187745, 0.5073856216260538]",[1.93903308 0.45078338],88.85556948990688,181.71113897981377,188.75406081553825,LV
7,90.44781490155948,"[1.675401727452051, 0.27671751633672614]",[0.74095815 0.12979124],90.44781490155948,184.89562980311896,191.93855163884345,LV
8,84.80925380530594,"[0.09513757130452734, 0.27476064318120025]",[0.44983863 0.0532396 ],84.80925380530594,173.61850761061189,180.6614294463364,LV
9,63.26357449760902,"[4.405225437593041, 0.6625435950512768]",[0.3369862  0.03359184],63.26357449760902,130.52714899521806,137.57007083094254,LV
10,115.86432750930096,"[2.294081545385351, 0.6223457647689394]",[1.06295125 0.23498908],115.86432750930096,235.7286550186019,242.7715768543264,LV
11,60.99353840246661,"[1.23306403819297, 0.15821564667603086]",[1.26985144 0.19948037],60.99353840246661,125.98707680493322,133.0299986406577,LV
12,121.9152735774594,"[1.3142123684491933, 0.8045404524305153]",[0.22134605 0.0396722 ],121.9152735774594,247.8305471549188,254.8734689906433,LV
13,88.91599034783816,"[1.2175862702587084, 0.9170609771843218]",[1.8701291 0.4403438],88.91599034783816,181.83198069567632,188.8749025314008,LV
14,119.31743386903266,"[1.9821051943988885, 0.07800238828401766]",[1.25852849 0.34074167],119.31743386903266,242.6348677380653,249.6777895737898,LV
15,119.38412729189848,"[4.879610413559733, 0.4006360623809725]",[0.95071914 0.23041624],119.38412729189848,242.76825458379696,249.81117641952144,LV
16,74.82871908608176,"[1.3284245012918796, 0.6902705034567493]",[2.16788091 0.46636418],74.82871908608176,153.65743817216352,160.700360007888,LV
17,98.57613556444844,"[3.128869391484691, 0.19869996759615643]",[0.75793672 0.14510418],98.57613556444844,201.15227112889687,208.19519296462136,LV
18,29.35254524678869,"[3.187344545780955, 0.16685838402146766]",[0.5517539  0.02779511],29.35254524678869,62.70509049357738,69.74801232930187,LV
19,160.58980701765535,"[2.7429843289369638, 0.08464833797306708]",[0.22017924 0.07844806],160.58980701765535,325.17961403531075,332.22253587103523,LV
20,162.1964778777834,"[1.051797528996497, 0.6821377681432805]",[0.55612234 0.25429794],162.1964778777834,328.3929557555668,335.4358775912913,LV
21,81.32390812467091,"[2.7858077868635576, 0.9810977274375682]",[0.20359671 0.02066288],81.32390812467091,166.64781624934182,173.6907380850663,LV
22,80.57258212992589,"[4.322703109912731, 0.09793136569152334]",[1.17619392 0.21604753],80.57258212992589,165.14516425985178,172.18808609557627,LV
23,161.16439058173324,"[3.5665885120123404, 0.04591200575043887]",[0.11991323 0.03353536],161.16439058173324,326.3287811634665,333.371702999191,LV
24,73.55691192607212,"[2.991050709598962, 0.4628351107592838]",[1.54292682 0.30287964],73.55691192607212,151.11382385214424,158.15674568786872,LV
25,113.48466947629451,"[0.9207888500005375, 0.2769922505984428]",[0.43266761 0.0856937 ],113.48466947629451,230.96933895258903,238.0122607883135,LV
26,92.156342970233,"[1.088919889400442, 0.5921628398231618]",[0.59249478 0.10176567],92.156342970233,188.312685940466,195.35560777619048,LV
27,42.8192571995259,"[0.3354668371372154, 0.6062230262734914]",[1.18398313 0.13588983],42.8192571995259,89.6385143990518,96.6814362347763,LV
28,98.67521451346596,"[4.0494173139423415, 0.7986482013394538]",[0.16848339 0.01862282],98.67521451346596,201.35042902693192,208.3933508626564,LV
29,18.71497387511852,"[4.721497720498136, 0.1285838057147028]",[4.72149772 0.12858381],18.71497387511852,41.42994775023704,48.472869585961526,LV
30,68.94596217944091,"[0.8442813434741209, 0.913583260214912]",[0.84033089 0.12009623],68.94596217944091,141.89192435888182,148.9348461946063,LV
31,120.70461186504744,"[1.6910776887224785, 0.3349064241684459]",[0.1425264  0.01948094],120.70461186504744,245.40922373009488,252.45214556581936,LV
32,68.10296781226404,"[1.7656493061967196, 0.6846386843413554]",[0.62259211 0.08551065],68.10296781226404,140.20593562452808,147.24885746025257,LV
33,80.93526187190714,"[1.0125154163646624, 0.9134241043740684]",[1.73407221 0.36323803],80.93526187190714,165.8705237438143,172.91344557953877,LV
34,70.8640388332449,"[0.4507956120062626, 0.13814414977980458]",[1.31910257 0.25445574],70.8640388332449,145.7280776664898,152.7709995022143,LV
35,78.64256162078671,"[0.11847754182012031, 0.7377240872764319]",[0.89549582 0.15727283],78.64256162078671,161.28512324157342,168.3280450772979,LV
36,64.70054501651741,"[4.677417411992413, 0.3182453018836144]",[1.41671286 0.23105745],64.70054501651741,133.40109003303482,140.4440118687593,LV
37,36.19555542728863,"[3.1447090157821873, 0.4875913524957777]",[0.62996022 0.05029642],36.19555542728863,76.39111085457725,83.43403269030173,LV
38,80.57663973760353,"[0.6780435133978194, 0.04183732880075827]",[0.55035786 0.08049055],80.57663973760353,165.15327947520706,172.19620131093154,LV
39,137.12850091581043,"[3.531996828844346, 0.9501721686062831]",[0.60026512 0.11767899],137.12850091581043,278.25700183162087,285.2999236673453,LV
40,92.7704192887666,"[2.199423207160196, 0.188410529732795]",[0.45437838 0.07150828],92.7704192887666,189.5408385775332,196.5837604132577,LV
41,65.50960434663587,"[4.204645239420048, 0.8575579316305488]",[1.31766802 0.22835751],65.50960434663587,135.01920869327174,142.06213052899622,LV
42,75.81876266386591,"[1.3995756097258074, 0.7955133452291565]",[1.26479748 0.23605101],75.81876266386591,155.63752532773182,162.6804471634563,LV
43,45.309668105830696,"[0.8860523180834482, 0.4922884149954907]",[1.53135015 0.22114935],45.309668105830696,94.6193362116614,101.66225804738588,LV
44,76.34856962905883,"[0.16645562759532162, 0.6016790718795544]",[2.01124238 0.4358198 ],76.34856962905883,156.69713925811766,163.74006109384214,LV
45,85.86704778000194,"[3.6127770366952183, 0.35802351528192916]",[2.3185085  0.54548644],85.86704778000194,175.73409556000388,182.7770173957284,LV
46,57.63605831702615,"[3.493167931200834, 0.20570467998087627]",[1.41070407e-01 1.00000000e-04],57.63605831702615,119.2721166340523,126.3150384697768,LV
47,158.03469006722375,"[1.3077026909667042, 0.009010733139445488]",[0.10351561 0.04003339],158.03469006722375,320.0693801344475,327.112301970172,LV
48,73.13331255397698,"[0.27514064931711435, 0.7650861716684806]",[0.91297461 0.15694856],73.13331255397698,150.26662510795396,157.30954694367844,LV
49,73.71014435422256,"[0.13501850357580353, 0.0065016000659851615]",[1.70353589 0.30686139],73.71014435422256,151.42028870844513,158.4632105441696,LV
50,104.82319668642866,"[0.7069372995396354, 0.5692895315209237]",[0.65485107 0.10196458],104.82319668642866,213.6463933728573,220.6893152085818,LV
51,133.40136876554115,"[1.2526078149101314, 0.7814184863518355]",[0.43317698 0.10609182],133.40136876554115,270.8027375310823,277.8456593668068,LV
52,99.05200191296848,"[2.3087584797427296, 0.6519483034244579]",[0.17214742 0.02037316],99.05200191296848,202.10400382593696,209.14692566166147,LV
53,122.13871909868033,"[0.6549815778924345, 0.491587719284599]",[1.10801152 0.29170238],122.13871909868033,248.27743819736065,255.32036003308517,LV
54,113.83336791538925,"[0.8062448237541308, 0.12726910014996087]",[0.55658193 0.13004663],113.83336791538925,231.6667358307785,238.70965766650292,LV
55,151.03389134505204,"[0.38978844057775025, 0.18528213546730637]",[0.12497644 0.02667847],151.03389134505204,306.0677826901041,313.11070452582857,LV
56,109.44147550466592,"[1.6222561917717284, 0.8512729154288807]",[1.23480039 0.28275902],109.44147550466592,222.88295100933183,229.92587284505635,LV
57,97.1836658044055,"[2.357415387780073, 0.33212183792791905]",[1.74002217 0.40492066],97.1836658044055,198.367331608811,205.4102534445355,LV
58,102.06471841545957,"[3.8918656605229405, 0.3181118751454172]",[1.3342252  0.33256151],102.06471841545957,208.12943683091916,215.1723586666436,LV
59,98.7041012945591,"[3.288474654740692, 0.9167883982048471]",[0.41726196 0.07688382],98.7041012945591,201.4082025891182,208.45112442484267,LV
60,95.34813146111703,"[2.5490197787504694, 0.4393794359955992]",[1.26181582 0.27817579],95.34813146111703,194.69626292223407,201.73918475795853,LV
61,133.71938735258792,"[1.0163793155969985, 0.0914841402625559]",[0.59110407 0.09523838],133.71938735258792,271.43877470517583,278.4816965409003,LV
62,97.41189074561662,"[3.7111064035017556, 0.9948752035131857]",[0.45824135 0.06775607],97.41189074561662,198.82378149123323,205.8667033269577,LV
63,110.24216732607668,"[2.5094748123206343, 0.02149217376729558]",[1.4126415  0.33610761],110.24216732607668,224.48433465215336,231.52725648787785,LV
64,127.24676672337912,"[3.900097634787395, 0.39296443442524887]",[3.38948179 0.91756094],127.24676672337912,258.49353344675825,265.53645528248273,LV
65,128.68850327793675,"[2.305358245750899, 0.1437751402118769]",[0.15682882 0.02239008],128.68850327793675,261.37700655587355,268.41992839159803,LV
66,80.67338212175906,"[2.3314131245693295, 0.17449698521272503]",[1.50065092 0.2939081 ],80.67338212175906,165.34676424351812,172.3896860792426,LV
67,157.25086756709342,"[0.018951986766235933, 0.17677232240434645]",[0.23922482 0.10745347],157.25086756709342,318.50173513418684,325.54465696991133,LV
68,153.4572939751673,"[4.184467211651757, 0.3188698219090792]",[0.4016239  0.12301987],153.4572939751673,310.9145879503346,317.95750978605906,LV
69,89.87753339020578,"[0.5520412071463335, 0.20821985160468587]",[0.3916037  0.06243761],89.87753339020578,183.7550667804116,190.79798861613605,LV
70,81.94517856223925,"[3.4671379285059043, 0.227281239622785]",[0.72330494 0.11561513],81.94517856223925,167.8903571244785,174.93327896020298,LV
71,63.73293574159701,"[3.0576130141824365, 0.9082422803420427]",[1.95189572 0.37064635],63.73293574159701,131.465871483194,138.50879331891852,LV
72,84.66866057397681,"[2.311370680119473, 0.16705980464374603]",[1.16626292 0.22150763],84.66866057397681,173.33732114795362,180.3802429836781,LV
73,142.7008169450204,"[0.123576243255966, 0.6093328282891559]",[0.23860333 0.04395675],142.7008169450204,289.4016338900408,296.44455572576527,LV
74,152.19544019844338,"[0.7827364524330482, 0.6847836819731072]",[0.26754838 0.10275513],152.19544019844338,308.3908803968868,315.43380223261124,LV
75,80.67052372435565,"[1.152280568896023, 0.3082359880184536]",[0.79725758 0.12480478],80.67052372435565,165.3410474487113,172.38396928443578,LV
76,40.332880992848295,"[1.2910588319022636, 0.1675668492524042]",[0.36621742 0.02312784],40.332880992848295,84.66576198569659,91.70868382142108,LV
77,105.25943132659972,"[0.07148671927087706, 0.6652971870867713]",[1.10399831 0.22668291],105.25943132659972,214.51886265319945,221.5617844889239,LV
78,127.3966277532555,"[0.4288362623730296, 0.9610766203839409]",[0.26817903 0.04621335],127.3966277532555,258.793255506511,265.8361773422355,LV
79,161.28329237323834,"[1.1114663345633653, 0.5552890819399358]",[0.15195987 0.04805742],161.28329237323834,326.5665847464767,333.6095065822012,LV
80,79.89693720645064,"[0.7262290328561694, 0.013625963629820163]",[1.13104308 0.1961015 ],79.89693720645064,163.7938744129013,170.83679624862577,LV
81,36.864924670328456,"[3.146217724880507, 0.04810683030834568]",[1.02765129 0.10806392],36.864924670328456,77.72984934065691,84.77277117638141,LV
82,76.74810559977676,"[4.114586337860651, 0.8438348766843903]",[1.29350633 0.24684923],76.74810559977676,157.49621119955353,164.539133035278,LV
83,82.31367799321242,"[4.212182309635796, 0.009061585822725083]",[0.41452772 0.05477633],82.31367799321242,168.62735598642485,175.67027782214933,LV
84,91.20897781023292,"[2.444914477387439, 0.9609769631474421]",[0.6713444  0.12342372],91.20897781023292,186.41795562046585,193.4608774561903,LV
85,142.58650911787524,"[0.6724064087664395, 0.5622825908888903]",[0.39061859 0.11285359],142.58650911787524,289.1730182357505,296.21594007147496,LV
86,78.59350212942981,"[0.9275619826800542, 0.9324294057539292]",[0.87908847 0.14283912],78.59350212942981,161.18700425885962,168.2299260945841,LV
87,131.44702223647474,"[0.279457666040221, 0.20129456047857383]",[0.52754249 0.06739344],131.44702223647474,266.8940444729495,273.936966308674,LV
88,91.03303808314874,"[2.1807057198618827, 0.42377640234579816]",[1.66808449 0.36530719],91.03303808314874,186.06607616629748,193.108998002022,LV
89,117.79925988604904,"[1.8990194055335956, 0.11057217258410706]",[1.59232565 0.40437407],117.79925988604904,239.5985197720981,246.64144160782257,LV
90,118.2496449557192,"[0.3563266528368624, 0.25872622565142017]",[0.37983487 0.07436382],118.2496449557192,240.4992899114384,247.5422117471629,LV
91,74.88082487751207,"[4.910066716413183, 0.5467684206649674]",[0.39427745 0.04881438],74.88082487751207,153.76164975502414,160.80457159074862,LV
92,32.95402612530429,"[0.2580983268937669, 0.8034904761933634]",[0.77522563 0.05170205],32.95402612530429,69.90805225060858,76.95097408633308,LV
93,86.1674964909373,"[4.7189318892578305, 0.2396336296649481]",[0.69732351 0.12217666],86.1674964909373,176.3349929818746,183.37791481759908,LV
94,50.13501477416317,"[1.3462036707705283, 0.04500555225815425]",[0.72198524 0.07838119],50.13501477416317,104.27002954832632,111.31295138405082,MV
95,144.32270617861226,"[0.22348657633925337, 0.8957071401832473]",[0.33413593 0.08232345],144.32270617861226,292.64541235722453,299.688334192949,MV
96,110.6200215079409,"[0.060241629920175725, 0.14269338489918856]",[0.59232625 0.10915981],110.6200215079409,225.2400430158818,232.2829648516063,MV
97,172.73544479585638,"[0.13663718962327567, 0.27267296242000133]",[0.09069752 0.10324759],172.73544479585638,349.4708895917128,356.51381142743725,MV
98,123.44842308960364,"[1.6317790749977938, 0.4884913405189061]",[0.66460961 0.18422732],123.44842308960364,250.89684617920727,257.93976801493176,MV
99,117.96536514271962,"[1.0577754856232946, 0.39023428230906854]",[0.46464838 0.08816995],117.96536514271962,239.93073028543924,246.97365212116367,MV
100,154.8485452464899,"[1.2981750323214698, 0.4258867286648709]",[2.9094389  0.92464692],154.8485452464899,313.6970904929798,320.74001232870427,MV
101,110.69984279505836,"[1.1199098780551493, 0.728747013629974]",[0.78769666 0.1613932 ],110.69984279505836,225.39968559011675,232.44260742584123,MV
102,108.63472153493149,"[3.3853814402119258, 0.1022748765242013]",[0.08463773 0.0001    ],108.63472153493149,221.26944306986292,228.31236490558743,MV
103,142.8438056855869,"[0.12594429183535913, 0.37747761207656566]",[0.1638804  0.03373844],142.8438056855869,289.6876113711738,296.73053320689826,MV
104,169.48059021443973,"[0.8768060606748396, 0.5648008193346238]",[0.2931372  0.16948047],169.48059021443973,342.96118042887946,350.00410226460394,MV
105,78.84882878060709,"[2.446157814522778, 0.39863365109506277]",[1.22955272 0.22812766],78.84882878060709,161.6976575612142,168.74057939693867,MV
106,138.0089273224816,"[3.1414538756377905, 0.28243506523978934]",[0.07782981 0.00540758],138.0089273224816,280.0178546449632,287.0607764806877,MV
107,154.78371754417734,"[1.6202113204829587, 0.4944363082599349]",[0.42261665 0.14426351],154.78371754417734,313.56743508835467,320.6103569240792,MV
108,118.1167360636464,"[0.9368503323635061, 0.61349479541208]",[0.6120823  0.12060138],118.1167360636464,240.2334721272928,247.27639396301728,MV
109,95.65828427716274,"[4.450426303083972, 0.1644206111877432]",[0.60473244 0.1075371 ],95.65828427716274,195.31656855432547,202.35949039005,MV
110,95.27366803902471,"[0.557211990654848, 0.2752208651612949]",[0.99380521 0.17784965],95.27366803902471,194.54733607804943,201.5902579137739,MV
111,94.0944358200008,"[4.3041447705001135, 0.3635118644376497]",[1.71634321 0.44470969],94.0944358200008,192.1888716400016,199.2317934757261,MV
112,54.34395085015808,"[2.1743710398445115, 0.7044262515679428]",[0.37611447 0.02827393],54.34395085015808,112.68790170031616,119.73082353604065,MV
113,173.23149031522829,"[4.648684584441411, 0.6409722308669613]",[4.9999     0.99947574],173.23149031522829,350.46298063045657,357.50590246618106,MV
114,79.1649147785164,"[2.811262026063244, 0.19534525186545593]",[0.17951189 0.01332715],79.1649147785164,162.3298295570328,169.3727513927573,MV
115,119.85087304442013,"[4.366435653980887, 0.9949314590261114]",[0.20541839 0.0346377 ],119.85087304442013,243.70174608884025,250.74466792456477,MV
116,105.5126378594182,"[0.11288028296660609, 0.06151472453136027]",[0.20800088 0.03013196],105.5126378594182,215.0252757188364,222.06819755456087,MV
117,126.24767991737444,"[0.7497330813230628, 0.7024933837525568]",[0.57406088 0.12025712],126.24767991737444,256.49535983474885,263.53828167047334,MV
118,18.714974406263654,"[0.9073408592016949, 0.593367135338974]",[4.9999     0.13364538],18.714974406263654,41.42994881252731,48.4728706482518,MV
119,124.70526073727716,"[1.699105543282673, 0.3630546354039033]",[0.84990281 0.20465661],124.70526073727716,253.41052147455432,260.45344331027883,MV
120,55.242982106982375,"[1.3504168789996098, 0.4405793601719424]",[1.92534292 0.31090129],55.242982106982375,114.48596421396476,121.52888604968923,MV
121,126.61022481645622,"[2.6750922665419705, 0.934412915036356]",[0.90407971 0.22194916],126.61022481645622,257.22044963291245,264.26337146863693,MV
122,71.14524150071612,"[0.9585850221183546, 0.10718959998405675]",[0.22005776 0.01845916],71.14524150071612,146.29048300143225,153.3334048371567,MV
123,146.0127526719084,"[1.1546811805852495, 0.03356408773706597]",[0.08488887 0.0001    ],146.0127526719084,296.0255053438168,303.0684271795413,MV
124,75.92684995711925,"[0.22930455351377474, 0.6109538175185243]",[1.08605539 0.18393074],75.92684995711925,155.8536999142385,162.89662174996295,MV
125,145.99313711085497,"[3.301881738249866, 0.16324244017758155]",[1.25006524 0.44194012],145.99313711085497,295.98627422170995,303.02919605743443,MV
126,103.56984744649463,"[0.41019386992733486, 0.7827588300976597]",[1.05221751e-01 1.00000000e-04],103.56984744649463,211.1396948929893,218.18261672871375,MV
127,101.4292195361429,"[4.92477269811607, 0.33424776907210607]",[1.29071604 0.28246368],101.4292195361429,206.8584390722858,213.90136090801028,MV
128,139.9309535050005,"[0.9868478899866476, 0.9539626118753739]",[0.57203068 0.13913974],139.9309535050005,283.861907010001,290.9048288457255,MV
129,95.04122158943214,"[3.522908694884382, 0.7074331399049832]",[2.00594612 0.46503118],95.04122158943214,194.08244317886428,201.1253650145888,MV
130,125.42144750033488,"[1.9023961918298324, 0.6987290182238033]",[0.92957022 0.22276109],125.42144750033488,254.84289500066976,261.88581683639427,MV
131,105.90698938639574,"[0.7068806676229863, 0.1546971783058928]",[0.56563439 0.1011132 ],105.90698938639574,215.81397877279147,222.856900608516,MV
132,67.99609250074718,"[3.353065098341373, 0.6408664786406105]",[1.87049273 0.34668613],67.99609250074718,139.99218500149436,147.03510683721885,MV
133,90.5435294899847,"[0.3535732441246022, 0.6463362901196212]",[0.09732063 0.0001    ],90.5435294899847,185.0870589799694,192.1299808156939,MV
134,82.47533706259557,"[1.965689550276028, 0.7694889127535811]",[1.02679772 0.18289475],82.47533706259557,168.95067412519114,175.99359596091563,MV
135,147.67771701413014,"[0.3232183610073251, 0.2904277723471779]",[0.29272268 0.08169396],147.67771701413014,299.3554340282603,306.3983558639848,MV
136,49.25285566229783,"[1.6498879906846804, 0.6872573896677894]",[0.36248247 0.02762575],49.25285566229783,102.50571132459564,109.54863316032016,MV
137,99.50435166408876,"[4.896462440572938, 0.5143934271234047]",[0.09861764 0.00543519],99.50435166408876,203.00870332817755,210.05162516390203,MV
138,106.1144146921112,"[1.3704935432825862, 0.7221174875682176]",[4.9999     0.97894459],106.1144146921112,216.2288293842224,223.27175121994688,MV
139,92.56117089869636,"[0.2903469005613952, 0.9361814274802639]",[0.33735179 0.05176435],92.56117089869636,189.1223417973927,196.1652636331172,MV
140,100.20105868704412,"[0.2537191102781392, 0.38467703731589287]",[0.23183185 0.02979653],100.20105868704412,204.40211737408825,211.4450392098127,MV
141,102.48895328237,"[2.7843778785705795, 0.4564004635758162]",[0.98233798 0.18920761],102.48895328237,208.97790656474,216.02082840046447,MV
142,83.95986979212721,"[3.2966664955803378, 0.6406680310550693]",[0.75883039 0.12692028],83.95986979212721,171.91973958425442,178.9626614199789,MV
143,104.21327588625574,"[3.164417326983453, 0.18571834632973933]",[1.52819302e-01 1.00000000e-04],104.21327588625574,212.4265517725115,219.469473608236,MV
144,133.38401540312378,"[2.210216737044687, 0.021463367996552622]",[0.1763641  0.03476774],133.38401540312378,270.7680308062476,277.81095264197205,MV
145,132.90410703607537,"[1.060906233365276, 0.30219452475409314]",[0.07369195 0.0001    ],132.90410703607537,269.8082140721507,276.8511359078752,MV
146,120.489220064597,"[2.8697725001529166, 0.17603938830811916]",[1.07998687 0.32007184],120.489220064597,244.978440129194,252.0213619649185,MV
147,117.38336174366933,"[2.7841135687803567, 0.256186648288084]",[0.83473796 0.17121182],117.38336174366933,238.76672348733865,245.8096453230631,MV
148,142.50696977411414,"[0.29477882943221023, 0.45420328375332686]",[1.34205618 0.41446651],142.50696977411414,289.0139395482283,296.0568613839528,MV
149,145.5651367225983,"[4.21165627136165, 0.4536842663708873]",[0.97952712 0.26111206],145.5651367225983,295.1302734451966,302.1731952809211,MV
150,81.11743172211405,"[1.1498025983121394, 0.0012283266738040337]",[0.76034299 0.10629274],81.11743172211405,166.2348634442281,173.27778527995258,MV
151,167.3530279570569,"[0.7072149190274629, 0.4848139597043284]",[0.20601111 0.12248348],167.3530279570569,338.7060559141138,345.7489777498383,MV
152,170.5286389397293,"[0.510161974622898, 0.2600659008309624]",[0.20204786 0.14208229],170.5286389397293,345.0572778794586,352.10019971518307,MV
153,55.53250131920187,"[3.5078730029592204, 0.949492898670818]",[0.43997184 0.03975999],55.53250131920187,115.06500263840374,122.10792447412824,MV
154,90.15668333454862,"[3.9890678936705672, 0.33768206010639434]",[0.0895058 0.0001   ],90.15668333454862,184.31336666909723,191.3562885048217,MV
155,99.39184756045026,"[2.0746341154615835, 0.892236139247359]",[0.16353443 0.01901941],99.39184756045026,202.7836951209005,209.826616956625,MV
156,142.32315003324013,"[0.6492581047660049, 0.2521613215076436]",[0.30094046 0.05877447],142.32315003324013,288.64630006648025,295.68922190220474,MV
157,108.14718937587855,"[2.6212295601455162, 0.24195744777153103]",[0.94229046 0.2000796 ],108.14718937587855,220.2943787517571,227.3373005874816,MV
158,108.68894729652672,"[3.7184123581597155, 0.5911388073084691]",[1.92265825 0.49600569],108.68894729652672,221.37789459305344,228.42081642877795,MV
159,76.60214095872614,"[0.8187516320111776, 0.5449318981818282]",[0.68160889 0.0936823 ],76.60214095872614,157.20428191745228,164.24720375317676,MV
160,91.65704593477729,"[0.3069643126606613, 0.44151410182287804]",[1.26279867 0.25422865],91.65704593477729,187.31409186955457,194.35701370527903,MV
161,122.23138713794266,"[4.001750529893312, 0.3215267574383313]",[1.45940473 0.38737154],122.23138713794266,248.46277427588527,255.5056961116098,MV
162,54.89131628085896,"[3.7087892377186757, 0.09628615174412017]",[1.99360704 0.3272233 ],54.89131628085896,113.78263256171792,120.8255543974424,MV
163,171.32189597333718,"[1.5572865171849422, 0.38941858093136356]",[0.59774467 0.46509193],171.32189597333718,346.6437919466744,353.68671378239884,MV
164,35.55877298340758,"[0.315486255988396, 0.42062143756516013]",[4.9999     0.34574325],35.55877298340758,75.11754596681516,82.16046780253964,MV
165,101.40070482527562,"[2.04678281133839, 0.5408037092952058]",[1.64629082 0.37734511],101.40070482527562,206.80140965055125,213.8443314862757,MV
166,101.75309913046613,"[0.5282497746474442, 0.26826417950523745]",[2.22851975 0.59666189],101.75309913046613,207.50619826093225,214.5491200966567,MV
167,90.44402688304076,"[2.437641447161295, 0.8064362570978327]",[1.72619654 0.37407198],90.44402688304076,184.8880537660815,191.930975601806,MV
168,82.3158949328888,"[2.844630328259276, 0.5990897208695101]",[1.34957359 0.2717908 ],82.3158949328888,168.6317898657776,175.67471170150208,MV
169,111.65430811231263,"[1.45381802814004, 0.018151875905071564]",[1.08624498 0.2371458 ],111.65430811231263,227.3086162246253,234.35153806034975,MV
170,157.0591503133784,"[0.27729354295857017, 0.10418927041525751]",[0.0708278  0.00815696],157.0591503133784,318.1183006267568,325.1612224624813,MV
171,40.580161536622775,"[0.546619791460598, 0.29530224464178595]",[0.61541641 0.04079438],40.580161536622775,85.16032307324555,92.20324490897003,MV
172,80.0472001815859,"[3.098281376552281, 0.17776407461442237]",[2.11889504 0.50378043],80.0472001815859,164.0944003631718,171.13732219889627,MV
173,173.286795315824,"[1.1692240730948575, 0.1674019731220679]",[1.000e-04 9.999e-01],173.286795315824,350.573590631648,357.6165124673725,MV
174,141.4641472982975,"[4.1773359771130645, 0.3606304687224337]",[0.57702098 0.18627999],141.4641472982975,286.928294596595,293.97121643231947,MV
175,91.90431436328652,"[3.7967036377468224, 0.20288919520037035]",[1.26515429 0.25309889],91.90431436328652,187.80862872657303,194.85155056229755,MV
176,140.95314628896386,"[1.6150312000657563, 0.41452566590469697]",[0.51751031 0.1348817 ],140.95314628896386,285.90629257792773,292.9492144136522,MV
177,97.59225488523748,"[1.1945170884078904, 0.8571346029690997]",[2.4327766  0.65600192],97.59225488523748,199.18450977047496,206.22743160619945,MV
178,76.16582377013123,"[3.488459316182531, 0.612392325134722]",[1.54914272 0.29994435],76.16582377013123,156.33164754026245,163.37456937598694,MV
179,94.41356157106064,"[2.5958074114390213, 0.8933470087029861]",[0.91867813 0.16906513],94.41356157106064,192.82712314212125,199.8700449778457,MV
180,135.30695500520872,"[0.3818789122219934, 0.07484099581715233]",[0.30362685 0.06837486],135.30695500520872,274.61391001041744,281.6568318461419,MV
181,130.3585949224367,"[1.0461189506954642, 0.8118968768903543]",[0.06363544 0.0001    ],130.3585949224367,264.7171898448734,271.7601116805979,MV
182,80.49586874847886,"[1.985330390372474, 0.6136501903142029]",[1.10240604 0.18873413],80.49586874847886,164.9917374969577,172.0346593326822,MV
183,154.07919274315273,"[0.12888756486528147, 0.8398434792938995]",[0.25773536 0.0716344 ],154.07919274315273,312.15838548630546,319.20130732202995,MV
184,125.6670581110309,"[0.29210014441522925, 0.2650068434979375]",[0.45241244 0.09510033],125.6670581110309,255.3341162220618,262.3770380577863,MV
185,64.89210190263407,"[1.6100956181460158, 0.7838484279449823]",[2.70331072 0.58144085],64.89210190263407,133.7842038052681,140.82712564099262,MV
186,168.48281533795907,"[0.2378245215210853, 0.46374506962088496]",[0.12592269 0.05492494],168.48281533795907,340.96563067591813,348.0085525116426,MV
187,132.69535390392167,"[1.8740014355087165, 0.16804548340691766]",[0.62409278 0.14506662],132.69535390392167,269.39070780784334,276.4336296435678,MV
188,125.7932666837634,"[3.8498934386220283, 0.41189941771451993]",[0.19249986 0.03176865],125.7932666837634,255.5865333675268,262.62945520325127,MV
189,101.98846369842734,"[4.5496881647252305, 0.05791783786775606]",[0.0893032 0.0001   ],101.98846369842734,207.97692739685468,215.0198492325792,MV
190,98.76096622430605,"[2.525153374044138, 0.6219900088918879]",[1.78274637 0.45471609],98.76096622430605,201.5219324486121,208.56485428433655,MV
191,115.91415268452008,"[2.2195552582647764, 0.3323569194868958]",[0.78242895 0.18106976],115.91415268452008,235.82830536904012,242.87122720476464,MV
192,127.13460059027474,"[0.13543632645771816, 0.0571482939896133]",[0.09037081 0.005725  ],127.13460059027474,258.2692011805495,265.312123016274,MV
193,106.63205069849748,"[1.654835694943374, 0.6845121443818423]",[0.38249181 0.05717841],106.63205069849748,217.26410139699493,224.30702323271944,MV
194,147.22316677268248,"[3.329683748464821, 0.24911064231000568]",[0.587528 0.176006],147.22316677268248,298.4463335453649,305.48925538108944,HV
195,173.02810893174967,"[4.354427757397056, 0.022785479765527045]",[0.01293841 0.01934855],173.02810893174967,350.05621786349934,357.0991396992238,HV
196,153.60188128992525,"[1.6881402408030834, 0.9379652333011271]",[0.09447317 0.0001    ],153.60188128992525,311.2037625798505,318.246684415575,HV
197,163.53208866832028,"[3.201347401357552, 0.03332216788664149]",[0.91953465 0.53204334],163.53208866832028,331.06417733664057,338.10709917236505,HV
198,138.2572916691721,"[0.18301498216682408, 0.1228093926549193]",[1.31348028 0.47328663],138.2572916691721,280.5145833383442,287.5575051740687,HV
199,132.65230657845933,"[1.2340345676644344, 0.4874767148976087]",[0.99362164 0.2671994 ],132.65230657845933,269.30461315691866,276.34753499264315,HV
200,146.14184333891265,"[0.12696946785799476, 0.4453928404205807]",[0.58921512 0.1699879 ],146.14184333891265,296.2836866778253,303.3266085135498,HV
201,170.44698497079852,"[0.23339945799895695, 0.14343277586693695]",[0.05567398 0.02250612],170.44698497079852,344.89396994159705,351.93689177732153,HV
202,172.20810551085756,"[1.959247102778784, 0.8057118793772499]",[4.9999     0.99844353],172.20810551085756,348.4162110217151,355.4591328574396,HV
203,35.81464205135979,"[4.115339346435233, 0.3406239464689772]",[2.55907304 0.380219  ],35.81464205135979,75.62928410271958,82.67220593844408,HV
204,170.22972929599013,"[2.206258025328212, 0.45058282187153226]",[4.9999     0.99698844],170.22972929599013,344.45945859198025,351.50238042770474,HV
205,142.72880123701594,"[4.671729787213318, 0.9615024154261163]",[0.87681242 0.24987372],142.72880123701594,289.4576024740319,296.5005243097564,HV
206,130.6218203868492,"[1.4529735908412724, 0.4611521412286736]",[0.90904487 0.24449859],130.6218203868492,265.2436407736984,272.2865626094229,HV
207,104.1063880627758,"[4.83392870726879, 0.3343411697185494]",[1.05909375 0.2621695 ],104.1063880627758,212.2127761255516,219.2556979612761,HV
208,144.8671298881619,"[3.806285253268116, 0.2510629139763163]",[0.36844    0.08846611],144.8671298881619,293.7342597763238,300.7771816120483,HV
209,165.7317395359102,"[1.9960553104454213, 0.7811981379368663]",[0.49759642 0.20103195],165.7317395359102,335.4634790718204,342.5064009075449,HV
210,170.365302291523,"[1.509490174300869, 0.8570915793090881]",[0.20901125 0.19603971],170.365302291523,344.730604583046,351.7735264187705,HV
211,140.22944262142462,"[2.8166886223727308, 0.36695767069763946]",[0.05455245 0.0001    ],140.22944262142462,284.45888524284925,291.50180707857373,HV
212,149.22140404757536,"[0.8001040309229902, 0.4652459353455687]",[0.3616038  0.10828382],149.22140404757536,302.4428080951507,309.4857299308752,HV
213,62.05107406013004,"[1.6715338126172599, 0.7902967816447112]",[1.82134115 0.3320661 ],62.05107406013004,128.1021481202601,135.14506995598458,HV
214,130.26578385993474,"[2.2049044746313102, 0.9125567446881875]",[0.39747755 0.08087363],130.26578385993474,264.5315677198695,271.574489555594,HV
215,138.39480549831924,"[0.09087289973163315, 0.5678000827366404]",[0.09218324 0.0001    ],138.39480549831924,280.7896109966385,287.832532832363,HV
216,61.58819475789773,"[0.06517494354778407, 0.07026208162748118]",[0.2538765  0.02591147],61.58819475789773,127.17638951579546,134.21931135151996,HV
217,172.6735745624487,"[0.7947066253368691, 0.897548976514362]",[4.9999     0.99888206],172.6735745624487,349.3471491248974,356.39007096062187,HV
218,159.08844424139576,"[4.422632867711035, 0.6713356953155998]",[2.3167501  0.85023359],159.08844424139576,322.1768884827915,329.219810318516,HV
219,103.10548037177274,"[1.956158563961244, 0.5499500310459616]",[0.51365696 0.09928903],103.10548037177274,210.21096074354548,217.25388257927,HV
220,173.28679527672148,"[3.265077462909926, 0.2537856406322219]",[1.000e-04 9.999e-01],173.28679527672148,350.5735905534429,357.61651238916744,HV
221,90.09961147026736,"[2.5856678028969404, 0.11113719113363937]",[1.99605593 0.51371844],90.09961147026736,184.1992229405347,191.2421447762592,HV
222,153.56558871641928,"[2.577363991493129, 0.46715781177764143]",[0.43257548 0.1044614 ],153.56558871641928,311.13117743283857,318.17409926856305,HV
223,129.09688957128472,"[0.3809558631972617, 0.07544994031335699]",[0.09250648 0.01614368],129.09688957128472,262.19377914256944,269.2367009782939,HV
224,148.53347521030557,"[0.11266204589647365, 0.32299182677968447]",[0.11631875 0.02738535],148.53347521030557,301.06695042061114,308.1098722563356,HV
225,151.30699902224717,"[2.589609518087012, 0.1557019010160283]",[0.07474235 0.01698909],151.30699902224717,306.61399804449434,313.6569198802188,HV
226,129.49794106787965,"[0.13297302249816195, 0.4520421106631054]",[2.2146733  0.70611589],129.49794106787965,262.9958821357593,270.0388039714838,HV
227,149.26500423317464,"[0.26053350867554076, 0.029371593944325113]",[0.08708354 0.0164302 ],149.26500423317464,302.5300084663493,309.57293030207376,HV
228,107.77657736833385,"[2.2681999761310254, 0.4932288444526186]",[0.91218101 0.19150185],107.77657736833385,219.5531547366677,226.59607657239212,HV
229,106.42839016455868,"[1.0297891639829824, 0.1189431361815168]",[0.08714188 0.0001    ],106.42839016455868,216.85678032911736,223.89970216484187,HV
230,87.67028173113228,"[1.5323791941707015, 0.14256484390628443]",[0.78183405 0.15665876],87.67028173113228,179.34056346226456,186.38348529798904,HV
231,73.84556639598291,"[0.5946885257743505, 0.7037539229769257]",[0.37765757 0.05979657],73.84556639598291,151.69113279196583,158.7340546276903,HV
232,163.58108376268044,"[2.6673802281132106, 0.993432397894626]",[4.9999     0.99479188],163.58108376268044,331.16216752536087,338.20508936108536,HV
233,120.36896304860244,"[0.5396197610086493, 0.24102573637778518]",[0.46483388 0.07653999],120.36896304860244,244.7379260972049,251.7808479329294,HV
234,106.42461035648478,"[0.7606355443564445, 0.8135932813802795]",[0.29511463 0.0302014 ],106.42461035648478,216.84922071296955,223.89214254869404,HV
235,134.17695500763273,"[3.1934274721929397, 0.21734530060312438]",[0.06529363 0.0001    ],134.17695500763273,272.35391001526546,279.39683185098994,HV
236,171.85600704497654,"[0.14894440797585348, 0.09573748644314198]",[0.01550318 0.0001    ],171.85600704497654,347.7120140899531,354.7549359256776,HV
237,118.59459589242226,"[1.4096666272193024, 0.7234243805839379]",[2.10783507 0.69935259],118.59459589242226,241.18919178484447,248.232113620569,HV
238,171.79757369612307,"[1.205214416578357, 0.946318651466128]",[0.12585927 0.10721935],171.79757369612307,347.59514739224613,354.6380692279706,HV
239,134.2066870158594,"[4.639071692497476, 0.8026777871431268]",[0.13228877 0.02467074],134.2066870158594,272.4133740317188,279.45629586744326,HV
240,127.34719324271894,"[0.004354658247280519, 0.39674800418983036]",[0.8436596  0.23354561],127.34719324271894,258.6943864854379,265.7373083211624,HV
241,158.60488103852046,"[4.493375594742497, 0.10355863411401309]",[0.34727283 0.12967178],158.60488103852046,321.2097620770409,328.2526839127654,HV
242,37.7952775378466,"[3.3827523560401023, 0.38717838608541705]",[1.69596698 0.20433747],37.7952775378466,79.5905550756932,86.63347691141769,HV
243,136.07099981244696,"[3.2519173210913253, 0.6278782704512617]",[0.80346284 0.29204443],136.07099981244696,276.1419996248939,283.1849214606184,HV
244,63.12223244493236,"[1.9284815472381207, 0.9092776228098962]",[1.39180173 0.23481009],63.12223244493236,130.24446488986473,137.28738672558922,HV
245,173.28679521268356,"[4.860376908115851, 0.9879482395693779]",[1.000e-04 9.999e-01],173.28679521268356,350.5735904253671,357.6165122610916,HV
246,167.7534281259434,"[0.1473575683276991, 0.3106804154682783]",[0.1143011  0.06475353],167.7534281259434,339.5068562518868,346.5497780876113,HV
247,118.23360441937103,"[4.866437354531194, 0.9289672929185429]",[0.15303162 0.02721671],118.23360441937103,240.4672088387421,247.51013067446655,HV
248,98.6086157429164,"[4.537246883482793, 0.3039451385463129]",[0.24394495 0.04431386],98.6086157429164,201.2172314858328,208.26015332155728,HV
249,168.00278612551585,"[1.7524561204990083, 0.7397121577262683]",[2.22999537 0.90364159],168.00278612551585,340.00557225103165,347.04849408675614,HV
250,87.79267367033074,"[2.971671031025913, 0.8388062683268681]",[2.92271272 0.71223393],87.79267367033074,179.58534734066149,186.628269176386,HV
251,173.28679529928448,"[2.0534178259238915, 0.20307684548566304]",[1.000e-04 9.999e-01],173.28679529928448,350.57359059856896,357.61651243429344,HV
252,84.64446344701429,"[3.6027846938487285, 0.6115158056296887]",[1.8066938  0.39326159],84.64446344701429,173.28892689402858,180.33184872975303,HV
253,158.61510533274034,"[0.5319121477430783, 0.36795233352051543]",[0.43361186 0.17049024],158.61510533274034,321.2302106654807,328.2731325012052,HV
254,149.29452413505123,"[1.9739919814198161, 0.4192432581753482]",[0.15622896 0.04077195],149.29452413505123,302.58904827010247,309.6319701058269,HV
255,129.27165469149995,"[0.5002784916774472, 0.9978119742518744]",[0.06393444 0.0001    ],129.27165469149995,262.5433093829999,269.5862312187244,HV
256,145.6237875999571,"[2.967022778207244, 0.0019375738780782325]",[0.04783581 0.0001    ],145.6237875999571,295.2475751999142,302.2904970356387,HV
257,95.0414752524984,"[2.233819555130943, 0.7707160463457681]",[1.12314217 0.24145058],95.0414752524984,194.0829505049968,201.1258723407213,HV
258,46.42881636540016,"[4.085068378235028, 0.21404184246438762]",[0.32344588 0.02587893],46.42881636540016,96.85763273080032,103.90055456652482,HV
259,105.61411689390776,"[0.6575924294226991, 0.49963638835367175]",[0.09070723 0.00964923],105.61411689390776,215.2282337878155,222.27115562354,HV
260,56.6423056818053,"[2.610219100328048, 0.18966905269879542]",[1.37032563e-01 1.00000000e-04],56.6423056818053,117.2846113636106,124.32753319933512,HV
261,105.98821936166856,"[1.9272768786510146, 0.006579996326184375]",[0.39368175 0.08272121],105.98821936166856,215.97643872333717,223.0193605590616,HV
262,109.9942490686059,"[2.3961348002586074, 0.33590336847549945]",[1.34956092 0.36775834],109.9942490686059,223.9884981372118,231.03141997293628,HV
263,97.97485618909664,"[3.70373259648975, 0.43038505769715746]",[0.80133959 0.15828831],97.97485618909664,199.94971237819328,206.99263421391777,HV
264,163.33495790724447,"[1.6025212407610607, 0.3761096425507221]",[0.05208182 0.00744253],163.33495790724447,330.66991581448895,337.71283765021343,HV
265,123.3921506878451,"[0.2092626406619623, 0.45213969492108774]",[0.6183956  0.10719136],123.3921506878451,250.7843013756902,257.8272232114147,HV
266,167.15110567060862,"[0.808904674854627, 0.47203162673108756]",[0.5293472  0.27036701],167.15110567060862,338.30221134121723,345.3451331769417,HV
267,25.32877865067605,"[2.8631073458234138, 0.9755943479264068]",[4.54160441e-01 1.00000000e-04],25.32877865067605,54.6575573013521,61.70047913707659,HV
268,155.49895875811808,"[2.6477097790676107, 0.11903146394833415]",[0.21593557 0.067365  ],155.49895875811808,314.99791751623616,322.04083935196064,HV
269,54.75064125818977,"[3.439548638664849, 0.5069844812306598]",[1.96351723 0.37328976],54.75064125818977,113.50128251637956,120.54420435210405,HV
270,169.7538717859953,"[0.20131331031112273, 0.08260094885765895]",[0.06645909 0.03356549],169.7538717859953,343.5077435719906,350.5506654077151,HV
271,123.0428719208701,"[0.2976821597735421, 0.31033857813712307]",[0.09510842 0.00850789],123.0428719208701,250.0857438417402,257.1286656774647,HV
272,139.12693735888192,"[1.9424974996858335, 0.6389435522499949]",[1.01576998 0.39864686],139.12693735888192,282.25387471776384,289.2967965534883,HV
273,173.13241248737774,"[3.5161963054215497, 0.3491570903777381]",[4.9999     0.99934014],173.13241248737774,350.26482497475547,357.30774681048,HV
274,173.18012181301813,"[3.027872260508826, 0.0028022961100856213]",[0.01269661 0.02054389],173.18012181301813,350.36024362603627,357.40316546176075,HV
275,155.05009233836492,"[3.0964038080959493, 0.338974075633212]",[0.69520577 0.27694448],155.05009233836492,314.10018467672984,321.1431065124543,HV
276,158.84755179305077,"[0.5382221663105005, 0.7703000490138157]",[2.17807276 0.80533449],158.84755179305077,321.69510358610154,328.738025421826,HV
277,110.31154779328212,"[2.6834177318446804, 0.3055720494518772]",[0.88321856 0.1676576 ],110.31154779328212,224.62309558656423,231.66601742228872,HV
278,173.28679530603145,"[0.6863918631670433, 0.2696165561198959]",[1.000e-04 9.999e-01],173.28679530603145,350.5735906120629,357.6165124477874,HV
279,92.04339952048106,"[1.632450253225891, 0.7090364842885326]",[0.09066267 0.00126099],92.04339952048106,188.0867990409621,195.1297208766866,HV
280,170.2656330190046,"[1.8689584096614078, 0.9756386036024691]",[0.54036219 0.36778824],170.2656330190046,344.5312660380092,351.5741878737337,HV
281,168.21367867831316,"[0.06883704192408166, 0.17422197166891984]",[0.07493982 0.02602804],168.21367867831316,340.4273573566263,347.4702791923508,HV
282,129.81806538863978,"[2.6833206212972636, 0.47960434004042246]",[1.1174523  0.38330451],129.81806538863978,263.6361307772796,270.67905261300405,HV
283,96.27651390279448,"[0.2537145299625056, 0.4339494983722466]",[0.37644636 0.04527487],96.27651390279448,196.55302780558895,203.59594964131347,HV
284,168.22517279497038,"[1.7857270167568235, 0.2053289552525108]",[0.53207626 0.39632747],168.22517279497038,340.45034558994075,347.49326742566524,HV
285,32.21411803418375,"[1.5690687044985183, 0.17723740377450478]",[2.68710967 0.37154491],32.21411803418375,68.4282360683675,75.471157904092,HV
286,162.20555524644294,"[0.03165497324703507, 0.07446528566864419]",[0.07062803 0.00728852],162.20555524644294,328.4111104928859,335.4540323286104,HV
287,128.53973872683991,"[1.5861210760765987, 0.2395442865249171]",[0.07652844 0.0001    ],128.53973872683991,261.07947745367983,268.1223992894043,HV
288,166.756519960633,"[0.4482206704388041, 0.5345557988523594]",[0.60190692 0.37785274],166.756519960633,337.513039921266,344.5559617569905,HV
289,152.46167032105137,"[1.293554748968446, 0.6526617649626058]",[1.3606651  0.58339491],152.46167032105137,308.92334064210274,315.96626247782723,HV
290,118.7673533436067,"[2.012076321964692, 0.009367641410753837]",[1.39143662 0.40995192],118.7673533436067,241.5347066872134,248.57762852293789,HV
291,162.68317920454476,"[0.4688911974515118, 0.3138074844608425]",[0.04139993 0.00981702],162.68317920454476,329.3663584090895,336.409280244814,HV
292,150.6287267673472,"[0.05345761526740714, 0.6752975570513544]",[0.04905702 0.00013345],150.6287267673472,305.2574535346944,312.30037537041886,HV
293,104.40413241439536,"[4.6959569327892465, 0.9170410455823806]",[0.09071786 0.0001    ],104.40413241439536,212.80826482879075,219.8511866645152,HV
294,134.9420588768499,"[4.797452006192403, 0.004417785836113361]",[0.349567   0.07930978],,273.8841177536998,280.9270395894243,FB
295,107.43964898690275,"[2.153218977253588, 0.7867841534349063]",[0.483388   0.08497452],,218.8792979738055,225.92221980953,FB
296,168.63060962248412,"[4.060552667249048, 0.12156657275825167]",[0.02102437 0.0001    ],,341.26121924496823,348.3041410806927,FB
297,145.4654851558897,"[0.537953113224095, 0.7484620891858695]",[0.60795022 0.18315842],,294.9309703117794,301.9738921475039,FB
298,67.79804013672344,"[0.16158846545818428, 0.19621926383627936]",[0.86742057 0.12075128],,139.5960802734469,146.63900210917137,FB
299,104.85878269179011,"[2.2274998300371682, 0.15784156921296924]",[0.52235951 0.08280862],,213.71756538358022,220.7604872193047,FB
300,150.65136154666368,"[4.392415673464201, 0.48694684715544506]",[0.17555327 0.0515275 ],,305.30272309332736,312.34564492905184,FB
301,172.85966216592342,"[3.874631293201427, 0.028794882526381484]",[0.00732703 0.0001    ],,349.71932433184685,356.76224616757133,FB
302,143.5449805216275,"[0.2458091978172157, 0.40200377007479154]",[0.45930258 0.11352869],,291.089961043255,298.1328828789795,FB
303,106.94761408610529,"[0.16444995380994176, 0.5096492604353589]",[0.27711752 0.02859484],,217.89522817221058,224.93815000793506,FB
304,145.0858736674635,"[0.25510831673097795, 0.4671689926693548]",[0.0548291 0.0001   ],,294.171747334927,301.21466917065146,FB
305,143.72484726301664,"[1.4713035357302617, 0.2965485836298055]",[0.22953966 0.05196522],,291.4496945260333,298.49261636175777,FB
306,170.15419294548542,"[0.03577007581316265, 0.015775161300892276]",[0.0160634 0.0001   ],,344.30838589097084,351.3513077266953,FB
307,134.49640893597203,"[4.6130551322161875, 0.1445421606075456]",[0.17341508 0.03338159],,272.99281787194406,280.03573970766854,FB
308,71.00585975549832,"[0.9289000828266598, 0.545793373897936]",[0.57281251 0.07694967],,146.01171951099664,153.05464134672113,FB
309,89.8034015078011,"[3.485587830245227, 0.0790457176977289]",[1.00708559 0.18729745],,183.6068030156022,190.64972485132668,FB
310,99.88931031950315,"[4.668995735657328, 0.26000349861189287]",[0.33694421 0.04640067],,203.7786206390063,210.8215424747308,FB
311,74.87149407166764,"[0.27298808966678356, 0.7452354404210488]",[0.39076543 0.04784745],,153.74298814333528,160.78590997905977,FB
312,146.84185173655158,"[2.2647168800312865, 0.7522464669360766]",[4.9999     0.99128339],,297.68370347310315,304.72662530882764,FB
313,162.82864543152272,"[3.8817187576356003, 0.159829756416418]",[1.63165846 0.7768207 ],,329.65729086304543,336.7002126987699,FB
314,128.87027702221687,"[2.983224302994624, 0.1462822511639865]",[0.54038821 0.12789106],,261.74055404443374,268.7834758801582,FB
315,162.38039802099644,"[4.192984884399728, 0.08980586824160235]",[0.03826495 0.00510415],,328.7607960419929,335.80371787771736,FB
316,124.32622075777283,"[2.1600111265225155, 0.45041960756372085]",[0.21948951 0.0342939 ],,252.65244151554566,259.69536335127015,FB
317,115.97659073066606,"[2.334204782817183, 0.9290156139082579]",[0.64320703 0.12172658],,235.95318146133212,242.9961032970566,FB
318,161.00063086909697,"[0.2967880679410639, 0.4594749669073384]",[0.11201548 0.03383617],,326.00126173819393,333.0441835739184,FB
319,159.2503185072069,"[2.6340065130190005, 0.2711226102092017]",[0.21751532 0.05999151],,322.5006370144138,329.5435588501383,FB
320,160.16889692148865,"[0.17983084077819808, 0.6103083496560057]",[0.49531235 0.20700247],,324.3377938429773,331.3807156787018,FB
321,125.59726552408154,"[4.000016157884274, 0.9907463024846718]",[0.82455291 0.19631531],,255.19453104816307,262.23745288388756,FB
322,134.91190044214065,"[1.9954356233431312, 0.9158062174681841]",[0.81101557 0.23236638],,273.8238008842813,280.8667227200058,FB
323,167.40027648256418,"[3.8255848027746064, 0.3251254048948398]",[1.90279624 0.87377998],,338.80055296512836,345.84347480085285,FB
324,166.36366391494317,"[3.1439590486685014, 0.07595086110495446]",[0.13211608 0.04952545],,336.72732782988635,343.77024966561083,FB
325,82.15394953509362,"[0.8673063862005141, 0.7860121716168316]",[0.28272488 0.02012972],,168.30789907018723,175.35082090591172,FB
326,142.36279410472403,"[3.9676722967516596, 0.8946787615948935]",[0.17375607 0.03671658],,288.72558820944806,295.76851004517255,FB
327,136.74814907685493,"[1.1858978381178462, 0.7870778180909941]",[0.11952343 0.01980602],,277.49629815370986,284.53921998943434,FB
328,129.2398140464769,"[1.852334090208699, 0.42161106670694665]",[0.37907    0.07288137],,262.4796280929538,269.5225499286783,FB
329,55.344052509119734,"[4.600417221973039, 0.10774646737262625]",[0.29150881 0.01463879],,114.68810501823947,121.73102685396395,FB
330,155.22124457289232,"[1.294773715102139, 0.18004325536538074]",[0.0712521 0.0110633],,314.44248914578463,321.4854109815091,FB
331,136.94757889237923,"[4.30923234056452, 0.9715377820210466]",[0.50267759 0.11569784],,277.89515778475845,284.93807962048294,FB
332,70.6706397863634,"[1.7734652661805044, 0.8077908776337425]",[0.15917895 0.01152692],,145.3412795727268,152.38420140845128,FB
333,161.5525008078239,"[1.8908020674505368, 0.8566433977413592]",[0.07705645 0.00783579],,327.1050016156478,334.14792345137226,FB
334,171.82429751460955,"[0.3084254631195563, 0.9241928451017084]",[0.11784198 0.08631594],,347.6485950292191,354.6915168649436,FB
335,67.8774625763538,"[0.9568409305888974, 0.5585026303632391]",[0.84176957 0.13104414],,139.7549251527076,146.7978469884321,FB
336,128.3417764446164,"[4.535048810074095, 0.15772544869529498]",[2.94120093 0.87149286],,260.6835528892328,267.7264747249573,FB
337,162.50521132688536,"[0.10535149909519383, 0.7566767910620095]",[0.05220966 0.0037195 ],,329.0104226537707,336.0533444894952,FB
338,150.3150108513275,"[0.8505222473467409, 0.34522118321686196]",[0.31108134 0.09571109],,304.630021702655,311.67294353837946,FB
339,155.64330511494768,"[4.790319058095998, 0.07589125921654988]",[0.43686041 0.13447526],,315.28661022989536,322.32953206561984,FB
340,168.4877228447731,"[0.7153139134519598, 0.08721517049125888]",[0.18326774 0.08047447],,340.9754456895462,348.01836752527066,FB
341,133.94653759299445,"[2.6601349708733837, 0.9476947434715418]",[0.33005139 0.07851156],,271.8930751859889,278.9359970217134,FB
342,109.65396377992619,"[0.36340823151446944, 0.3197494245328214]",[0.5460968 0.1128889],,223.30792755985237,230.35084939557686,FB
343,113.05976866814625,"[1.3529629005090673, 0.14871981594804878]",[0.73290661 0.10762687],,230.1195373362925,237.16245917201698,FB
344,172.72651434617603,"[0.34525759231970743, 0.28019299805558856]",[0.34212259 0.53268884],,349.45302869235206,356.49595052807655,FB
345,161.91650970131647,"[0.5796368706905434, 0.6051227161032795]",[0.35454898 0.13331213],,327.83301940263294,334.8759412383574,FB
346,153.29106290738835,"[1.2741202093801391, 0.9421137030387196]",[0.1507977  0.02434988],,310.5821258147767,317.6250476505012,FB
347,155.93715450996592,"[0.9867270318768998, 0.31101647701283675]",[0.90085217 0.3907555 ],,315.87430901993184,322.9172308556563,FB
348,123.05664053117358,"[1.8330992480343697, 0.13526154393011858]",[0.42479838 0.08406133],,250.11328106234717,257.1562028980717,FB
349,30.49847594484355,"[1.90569025412474, 0.09021992305176074]",[4.6866336e+00 1.0000000e-04],,64.9969518896871,72.03987372541158,FB
350,166.44493867455657,"[2.3293865780580107, 0.9553848957284732]",[0.04305109 0.0001    ],,336.88987734911314,343.9327991848376,FB
351,172.19119452938463,"[0.08082985578653643, 0.16737326876290315]",[0.1588737  0.13053035],,348.38238905876926,355.42531089449375,FB
352,153.64577060731517,"[2.001428748931103, 0.38177631722134947]",[4.9999     0.99287955],,311.29154121463034,318.3344630503548,FB
353,154.6549038767291,"[1.4265550337391366, 0.059410604047383804]",[1.13373592 0.52193478],,313.3098077534582,320.3527295891827,FB
354,163.78059874400637,"[0.41134661006091344, 0.4109417766310743]",[0.15490813 0.02530144],,331.56119748801274,338.6041193237372,FB
355,76.28782456663826,"[3.938839932030918, 0.15431758625334183]",[0.33239667 0.04385554],,156.57564913327653,163.618570969001,FB
356,114.87399603578184,"[3.3906132301612724, 0.9467249232084454]",[0.18611007 0.03155375],,233.7479920715637,240.79091390728817,FB
357,118.56066816305405,"[2.0177718683786527, 0.032799528406041036]",[0.20664569 0.01969082],,241.1213363261081,248.16425816183258,FB
358,172.54526771010399,"[0.30168631903810367, 0.205345649919064]",[0.06920689 0.05190584],,349.09053542020797,356.13345725593246,FB
359,169.9601741353427,"[0.058078638486999755, 0.05003362665436515]",[0.02519818 0.0001    ],,343.9203482706854,350.9632701064099,FB
360,169.14279019682505,"[0.42789004810039233, 0.2749833012509734]",[0.12204321 0.04683276],,342.2855803936501,349.3285022293746,FB
361,144.9110492582717,"[4.955228011321148, 0.6651514242432177]",[0.27548709 0.06384347],,293.8220985165434,300.8650203522679,FB
362,161.1912945504938,"[4.759996436237768, 0.05526429350029762]",[0.03401597 0.00268   ],,326.3825891009876,333.4255109367121,FB
363,168.4800300639138,"[0.6530865754747907, 0.1828210729048984]",[1.62361178 0.84958821],,340.9600601278276,348.0029819635521,FB
364,95.22354157967872,"[1.5263163839425817, 0.8288182639440362]",[0.42574685 0.05037116],,194.44708315935745,201.49000499508193,FB
365,78.79029874025217,"[2.942828084281592, 0.18777082979116083]",[0.26825629 0.01076917],,161.58059748050434,168.62351931622882,FB
366,173.21765429219332,"[0.29425078363385704, 0.5363502454935115]",[4.9999     0.99961891],,350.43530858438663,357.4782304201111,FB
367,170.83992292151106,"[3.0342917332395607, 0.009411839901401936]",[0.11031    0.07273349],,345.6798458430221,352.7227676787466,FB
368,139.5290952446709,"[0.7314307583017088, 0.7133958902888383]",[0.41446206 0.08895228],,283.0581904893418,290.1011123250663,FB
369,172.08246430477573,"[3.104008473955274, 0.07124438621198122]",[4.9999     0.99832931],,348.16492860955145,355.20785044527594,FB
370,171.7164117945415,"[0.06910864814750599, 0.05448239025496888]",[0.01693559 0.00294628],,347.432823589083,354.4757454248075,FB
371,128.1316896931823,"[4.782639086338507, 0.5178311780405286]",[0.36165506 0.06597889],,260.2633793863646,267.3063012220891,FB
372,140.78225267678607,"[3.0625016841489696, 0.14944384987756149]",[0.59624554 0.16008534],,285.56450535357214,292.60742718929663,FB
373,162.62779638260608,"[4.47340256150659, 0.7631572257645213]",[0.76684811 0.38506676],,329.25559276521216,336.29851460093664,FB
374,169.38630825865397,"[4.408743191337211, 0.2863837930242098]",[0.57305267 0.38483621],,342.77261651730794,349.8155383530324,FB
375,141.4553250340211,"[4.166267387676043, 0.12399730370148827]",[0.28853577 0.05449474],,286.9106500680422,293.95357190376666,FB
376,153.15885322003626,"[0.0004019915826766675, 0.7669682316212526]",[1.51656961 0.63947937],,310.3177064400725,317.360628275797,FB
377,166.47264372972236,"[4.238245645351027, 0.33423195168022857]",[0.87532095 0.55525432],,336.9452874594447,343.9882092951692,NoFB
378,158.20449688308585,"[1.2649674624966591, 0.2912824711599587]",[0.11377894 0.02915899],,320.4089937661717,327.4519156018962,NoFB
379,162.24670138338627,"[2.128138495300094, 0.012795492226720979]",[0.06966504 0.01170003],,328.49340276677253,335.536324602497,NoFB
380,30.942295396291108,"[2.0695539612550045, 0.38829636316630917]",[1.1746484  0.12338803],,65.88459079258222,72.92751262830672,NoFB
381,163.40387144731704,"[4.832122850698243, 0.0673627018516666]",[0.05102597 0.0001    ],,330.8077428946341,337.8506647303586,NoFB
382,151.5393858222644,"[0.22505541607356627, 0.016647862325599495]",[0.86526288 0.36503253],,307.0787716445288,314.12169348025327,NoFB
383,136.44319517803615,"[1.6258002198669048, 0.8827240719044795]",[0.22774543 0.05538819],,276.8863903560723,283.9293121917968,NoFB
384,147.153850758081,"[0.21449378306199082, 0.15624002218742125]",[0.43259229 0.09733125],,298.307701516162,305.3506233518865,NoFB
385,165.9797468766427,"[4.9581596896049875, 0.8280874338656623]",[0.768954   0.41636556],,335.9594937532854,343.0024155890099,NoFB
386,18.714973875341514,"[3.7093791439051285, 0.343037260166385]",[4.43369103 0.03566588],,41.42994775068303,48.47286958640752,NoFB
387,153.62664483004514,"[0.8240102088012252, 0.28731273547450686]",[0.10401144 0.01101349],,311.2532896600903,318.29621149581476,NoFB
388,83.64275705560694,"[0.8883784080253433, 0.29614712032375584]",[0.57031313 0.08842178],,171.28551411121387,178.32843594693836,NoFB
389,141.1689882086017,"[1.3511208786751918, 0.7592844113830705]",[0.95998564 0.25823556],,286.3379764172034,293.38089825292786,NoFB
390,131.22466907425573,"[0.5600068981394049, 0.05250992516767716]",[0.16328306 0.03867911],,266.44933814851146,273.49225998423594,NoFB
391,98.93623225128573,"[0.329339258892342, 0.33547627375053324]",[0.08375936 0.0001    ],,201.87246450257146,208.91538633829595,NoFB
392,157.57532759394226,"[4.560294607698653, 0.22968386335998625]",[0.04697367 0.0001    ],,319.1506551878845,326.193577023609,NoFB
393,171.5442439526542,"[4.157348486396447, 0.6415758646441845]",[0.74075915 0.57888075],,347.0884879053084,354.1314097410329,NoFB
394,155.37227933096196,"[0.2877325322285362, 0.3130467735138238]",[0.31143911 0.10107101],,314.7445586619239,321.7874804976484,NoFB
395,145.43324105244596,"[2.7805104279826387, 0.19381026175662153]",[0.10361047 0.01725918],,294.86648210489193,301.9094039406164,NoFB
396,74.47786596608444,"[1.0750741862262838, 0.6003711199363784]",[0.66047658 0.08201748],,152.95573193216887,159.99865376789336,NoFB
397,120.28039031159403,"[4.410028695432621, 0.1915540974636709]",[1.09031333 0.30974123],,244.56078062318807,251.60370245891255,NoFB
398,71.75834225492339,"[2.5695669587654084, 0.3298401153232076]",[0.2731092 0.0221492],,147.51668450984678,154.55960634557127,NoFB
399,161.96354967375117,"[1.332090577620111, 0.8961080328291796]",[0.20002903 0.08277655],,327.92709934750235,334.97002118322683,NoFB
400,139.52856037176466,"[4.180426180230653, 0.8719751953275469]",[0.14461355 0.03350096],,283.0571207435293,290.1000425792538,NoFB
401,131.19428950810862,"[3.37653453036725, 0.1758499101189386]",[0.99359477 0.30481025],,266.38857901621725,273.43150085194173,NoFB
402,143.57086315561588,"[2.8401473299088122, 0.3415778625137964]",[4.9999     0.98414464],,291.14172631123176,298.18464814695625,NoFB
403,164.08021674969314,"[4.013810532694244, 0.06228815730143448]",[0.03689632 0.00296387],,332.1604334993863,339.20335533511076,NoFB
404,173.16296087387502,"[4.989088296808554, 0.2180668766106778]",[0.00503991 0.0001    ],,350.32592174775004,357.36884358347453,NoFB
405,167.56452928310333,"[0.1369326785881735, 0.0755654628733104]",[0.04293656 0.00234993],,339.12905856620665,346.17198040193114,NoFB
406,144.81222088743993,"[0.05835932166176884, 0.5676208351548635]",[0.118223   0.02724147],,293.62444177487987,300.66736361060435,NoFB
407,114.26901001706901,"[3.3222414027996443, 0.32934258720392817]",[1.50382154 0.45873077],,232.53802003413801,239.5809418698625,NoFB
408,36.04365338931514,"[0.5076203796273334, 0.5244363522830621]",[4.9999e+00 1.0000e-04],,76.08730677863028,83.13022861435476,NoFB
409,128.5803748437192,"[2.061691861554809, 0.31981547338286254]",[0.83431804 0.20494294],,261.1607496874384,268.2036715231629,NoFB
410,167.28490759111517,"[0.44048977195893607, 0.28002389789361015]",[0.15387675 0.07329948],,338.56981518223034,345.6127370179548,NoFB
411,125.28074278808529,"[1.6311841758757606, 0.4281449999738024]",[0.77292818 0.16229805],,254.56148557617058,261.60440741189507,NoFB
412,163.24189130038175,"[0.9535307995449072, 0.2514400999047722]",[2.21692963 0.86583254],,330.4837826007635,337.526704436488,NoFB
413,104.03043454646571,"[4.2422127258892495, 0.20438177354745699]",[0.78415459 0.12511168],,212.06086909293143,219.1037909286559,NoFB
414,173.2760826734874,"[4.810791858741735, 0.07269015268218354]",[0.00199811 0.0001    ],,350.5521653469748,357.5950871826993,NoFB
415,118.50372491246794,"[0.2006044448460284, 0.07880508534759466]",[1.10472664e-01 1.00000000e-04],,241.0074498249359,248.05037166066037,NoFB
416,138.6440022591916,"[2.764768132060709, 0.19857038928728862]",[0.06731093 0.00993727],,281.2880045183832,288.3309263541077,NoFB
417,160.90520498391297,"[0.3863498509759817, 0.5031075325546418]",[0.10863565 0.02825243],,325.81040996782593,332.8533318035504,NoFB
418,154.61703442042312,"[0.08210767203511152, 0.22099846306470566]",[0.06403426 0.00366964],,313.23406884084625,320.27699067657073,NoFB
419,134.84006246721114,"[2.026162647752094, 0.9789006318017602]",[0.05333751 0.0001    ],,273.6801249344223,280.72304677014677,NoFB
420,147.77679851931083,"[0.7861522621523233, 0.7797487942576828]",[0.06944458 0.00456354],,299.55359703862166,306.59651887434615,NoFB
421,52.070108683307,"[2.8904204051135594, 0.08821440746998016]",[0.2517907  0.00404801],,108.140217366614,115.18313920233848,NoFB
422,166.656317640826,"[0.8688864390648507, 0.020640944397498834]",[0.12511824 0.05739746],,337.312635281652,344.35555711737646,NoFB
423,173.27756514360092,"[4.400885282001685, 0.04860588168653391]",[0.00220525 0.0001    ],,350.55513028720185,357.59805212292633,NoFB
424,119.49261436548088,"[3.5108627519813487, 0.027154395114801225]",[0.06916924 0.0001    ],,242.98522873096175,250.02815056668624,NoFB
425,155.22603973007529,"[0.8322931768115341, 0.629883443129573]",[0.4827326  0.17677134],,314.45207946015057,321.49500129587506,NoFB
426,167.84580533752708,"[4.0304141675328085, 0.07066380476728674]",[0.04662158 0.0001    ],,339.69161067505416,346.73453251077865,NoFB
